,ES,NQ,RTY,CL,GC,HG,NG,EUR,GBP,JPY,ZN,ZB
0,"Ticker             SPY
Date                  
2016-01-04  170.372162
2016-01-05  170.660355
2016-01-06  168.507599
2016-01-07  164.464859
2016-01-08  162.659607
...                ...
2025-12-19  680.590027
2025-12-22  684.830017
2025-12-23  687.960022
2025-12-24  690.380005
2025-12-26  690.309998

[2511 rows x 1 columns]","Ticker             QQQ
Date                  
2016-01-04  101.845558
2016-01-05  101.668831
2016-01-06  100.692223
2016-01-07   97.539230
2016-01-08   96.739304
...                ...
2025-12-19  616.255981
2025-12-22  619.210022
2025-12-23  622.109985
2025-12-24  623.929993
2025-12-26  623.890015

[2511 rows x 1 columns]","Ticker             IWM
Date                  
2016-01-04   96.635834
2016-01-05   96.846649
2016-01-06   95.370903
2016-01-07   92.823456
2016-01-08   91.224716
...                ...
2025-12-19  250.789993
2025-12-22  253.580002
2025-12-23  252.080002
2025-12-24  252.710007
2025-12-26  251.419998

[2511 rows x 1 columns]","Ticker            USO
Date                 
2016-01-04  87.839996
2016-01-05  85.279999
2016-01-06  80.879997
2016-01-07  79.199997
2016-01-08  78.400002
...               ...
2025-12-19  68.029999
2025-12-22  69.730003
2025-12-23  70.300003
2025-12-24  70.199997
2025-12-26  68.480003

[2511 rows x 1 columns]","Ticker             GLD
Date                  
2016-01-04  102.889999
2016-01-05  103.180000
2016-01-06  104.669998
2016-01-07  106.150002
2016-01-08  105.680000
...                ...
2025-12-19  399.019989
2025-12-22  408.230011
2025-12-23  413.640015
2025-12-24  411.929993
2025-12-26  416.739990

[2511 rows x 1 columns]","Ticker           CPER
Date                 
2016-01-04  13.860000
2016-01-05  13.860000
2016-01-06  13.910000
2016-01-07  13.450000
2016-01-08  13.440000
...               ...
2025-12-19  33.599998
2025-12-22  33.730000
2025-12-23  34.150002
2025-12-24  34.200001
2025-12-26  35.810001

[2511 rows x 1 columns]","Ticker             UNG
Date                  
2016-01-04  136.479996
2016-01-05  138.240005
2016-01-06  135.520004
2016-01-07  141.919998
2016-01-08  147.360001
...                ...
2025-12-19   12.190000
2025-12-22   11.850000
2025-12-23   12.900000
2025-12-24   12.390000
2025-12-26   12.810000

[2511 rows x 1 columns]","Ticker             FXE
Date                  
2016-01-04  101.124466
2016-01-05  100.380486
2016-01-06  100.742928
2016-01-07  102.097351
2016-01-08  101.944733
...                ...
2025-12-19  108.050003
2025-12-22  108.459999
2025-12-23  108.769997
2025-12-24  108.669998
2025-12-26  108.690002

[2511 rows x 1 columns]","Ticker             FXB
Date                  
2016-01-04  132.353806
2016-01-05  131.958755
2016-01-06  131.563766
2016-01-07  131.481094
2016-01-08  130.645126
...                ...
2025-12-19  128.639999
2025-12-22  129.520004
2025-12-23  129.850006
2025-12-24  129.839996
2025-12-26  129.910004

[2511 rows x 1 columns]","Ticker            FXY
Date                 
2016-01-04  81.080002
2016-01-05  81.400002
2016-01-06  81.800003
2016-01-07  82.430000
2016-01-08  82.470001
...               ...
2025-12-19  58.299999
2025-12-22  58.570000
2025-12-23  58.830002
2025-12-24  58.980000
2025-12-26  58.740002

[2511 rows x 1 columns]","Ticker            IEF
Date                 
2016-01-04  85.128105
2016-01-05  85.104034
2016-01-06  85.617851
2016-01-07  85.802521
2016-01-08  86.019234
...               ...
2025-12-19  96.239998
2025-12-22  96.139999
2025-12-23  96.099998
2025-12-24  96.349998
2025-12-26  96.440002

[2511 rows x 1 columns]","Ticker            TLT
Date                 
2016-01-04  92.705406
2016-01-05  92.331367
2016-01-06  93.575584
2016-01-07  93.743515
2016-01-08  94.163338
...               ...
2025-12-19  87.550003
2025-12-22  87.360001
2025-12-23  87.500000
2025-12-24  88.029999
2025-12-26  87.739998

[2511 rows x 1 columns]"
